Situation in which insurance will help you,lemmatised_content,tokenized_content,remove_stopwords_content,pos_tag_content,final_content
pandemic,pandemic,['pandemic'],['pandemic'],['pandemic'],pandemic
train breakdown then i need to take other modes of transport. insurance can pay me for the extra fees that i pay for cab/grab,train breakdown then i need to take other mode of transport . insurance can pay  for the extra fee that i pay for cab / grab,"['train', 'breakdown', 'then', 'i', 'need', 'to', 'take', 'other', 'mode', 'of', 'transport', 'insurance', 'can', 'pay', 'for', 'the', 'extra', 'fee', 'that', 'i', 'pay', 'for', 'cab', 'grab']","['train', 'breakdown', 'need', 'take', 'mode', 'transport', 'pay', 'extra', 'fee', 'pay', 'cab', 'grab']","['breakdown', 'mode', 'extra', 'train', 'transport', 'pay', 'fee', 'pay', 'cab', 'grab']",breakdown mode extra train transport pay fee pay cab grab
pandemic,pandemic,['pandemic'],['pandemic'],['pandemic'],pandemic
hospitalisation,hospitalisation,['hospitalisation'],['hospitalisation'],['hospitalisation'],hospitalisation
medical bills,medical bill,"['medical', 'bill']","['medical', 'bill']","['medical', 'bill']",medical bill
none do far,none do far,"['none', 'do', 'far']","['none', 'far']",['none'],none
like flight cancellation when taking planes and i think school has some insurance coverage. ,like flight cancellation when take plane and i think school have some insurance coverage .,"['like', 'flight', 'cancellation', 'when', 'take', 'plane', 'and', 'i', 'think', 'school', 'have', 'some', 'insurance', 'coverage']","['like', 'flight', 'cancellation', 'take', 'plane', 'think', 'school', 'coverage']","['flight', 'cancellation', 'plane', 'school', 'coverage']",flight cancellation plane school coverage
overseas accident where i could claim loss of items and medical fees.,overseas accident where i could claim loss of item and medical fee .,"['overseas', 'accident', 'where', 'i', 'could', 'claim', 'loss', 'of', 'item', 'and', 'medical', 'fee']","['overseas', 'accident', 'could', 'claim', 'loss', 'item', 'medical', 'fee']","['overseas', 'medical', 'accident', 'loss', 'item', 'fee']",overseas medical accident loss item fee
"when someone hits my vehicle, i'll sue until their pants drop but i have my own injuries covered too.","when someone hit  vehicle ,  will sue until  pant drop but i have  own injury cover too .","['when', 'someone', 'hit', 'vehicle', 'will', 'sue', 'until', 'pant', 'drop', 'but', 'i', 'have', 'own', 'injury', 'cover', 'too']","['someone', 'hit', 'vehicle', 'sue', 'pant', 'drop', 'injury', 'cover']","['pant', 'someone', 'vehicle', 'sue', 'drop', 'injury', 'cover']",pant someone vehicle sue drop injury cover
hospitalisation ,hospitalisation,['hospitalisation'],['hospitalisation'],['hospitalisation'],hospitalisation
operation on injury,operation on injury,"['operation', 'on', 'injury']","['operation', 'injury']","['operation', 'injury']",operation injury
if i fall ill in the middle of my big plans,if i fall ill in the middle of  big plan,"['if', 'i', 'fall', 'ill', 'in', 'the', 'middle', 'of', 'big', 'plan']","['fall', 'ill', 'middle', 'big']","['big', 'fall', 'ill']",big fall ill
travel insurance when my flight was delayed for > hrs,travel insurance when  flight be delay for > hrs,"['travel', 'insurance', 'when', 'flight', 'be', 'delay', 'for', 'hrs']","['travel', 'flight', 'delay', 'hrs']","['travel', 'flight', 'delay', 'hrs']",travel flight delay hrs
when paying for medical bills,when pay for medical bill,"['when', 'pay', 'for', 'medical', 'bill']","['pay', 'medical', 'bill']","['medical', 'bill']",medical bill
"when i am overseas, and a natural disaster occurs, my belongings are insured.","when i be overseas , and a natural disaster occur ,  belonging be insure .","['when', 'i', 'be', 'overseas', 'and', 'a', 'natural', 'disaster', 'occur', 'belonging', 'be', 'insure']","['overseas', 'natural', 'disaster', 'occur', 'belonging', 'insure']","['overseas', 'natural', 'disaster', 'belonging', 'insure']",overseas natural disaster belonging insure
got a slipped disc unexpectedly and got covered from insurance luckily.,get a slip disc unexpectedly and get cover from insurance luckily .,"['get', 'a', 'slip', 'disc', 'unexpectedly', 'and', 'get', 'cover', 'from', 'insurance', 'luckily']","['get', 'slip', 'disc', 'unexpectedly', 'get', 'cover', 'luckily']","['slip', 'cover', 'disc']",slip cover disc
monetary,monetary,['monetary'],['monetary'],['monetary'],monetary
it has helped my family as the insurance manage to cover the hospitalisation costs, have help  family as the insurance manage to cover the hospitalisation cost,"['have', 'help', 'family', 'as', 'the', 'insurance', 'manage', 'to', 'cover', 'the', 'hospitalisation', 'cost']","['help', 'family', 'manage', 'cover', 'hospitalisation', 'cost']","['cover', 'help', 'family', 'hospitalisation', 'cost']",cover help family hospitalisation cost
car accident ,car accident,"['car', 'accident']","['car', 'accident']","['car', 'accident']",car accident
losing money while travelling ,lose money while travel,"['lose', 'money', 'while', 'travel']","['lose', 'money', 'travel']","['money', 'travel']",money travel
when i die d:,when i die d :,"['when', 'i', 'die', 'd']",['die'],['die'],die
"if i suddenly get into an accident tomorrow, or if i caught some hereditary illness from my parents","if i suddenly get into an accident tomorrow , or if i catch some hereditary illness from  parent","['if', 'i', 'suddenly', 'get', 'into', 'an', 'accident', 'tomorrow', 'or', 'if', 'i', 'catch', 'some', 'hereditary', 'illness', 'from', 'parent']","['suddenly', 'get', 'accident', 'tomorrow', 'catch', 'hereditary', 'illness', 'parent']","['accident', 'tomorrow', 'catch', 'hereditary', 'illness', 'parent']",accident tomorrow catch hereditary illness parent
it was good to have the insurance when i went travelling last time , be good to have the insurance when i go travel last time,"['be', 'good', 'to', 'have', 'the', 'insurance', 'when', 'i', 'go', 'travel', 'last', 'time']","['good', 'go', 'travel', 'last', 'time']","['good', 'last', 'time']",good last time
haven't claimed from an insurance agency before!!! ,have not claim from an insurance agency before ! ! !,"['have', 'not', 'claim', 'from', 'an', 'insurance', 'agency', 'before']","['claim', 'agency']","['claim', 'agency']",claim agency
haven’t experienced yet so far,have not experience yet so far,"['have', 'not', 'experience', 'yet', 'so', 'far']","['experience', 'yet', 'far']",['experience'],experience
health or accident,health or accident,"['health', 'or', 'accident']","['health', 'accident']","['health', 'accident']",health accident
if tsunami strikes or if we all take the vaccine and become zombies,if tsunami strike or if  all take the vaccine and become zombie,"['if', 'tsunami', 'strike', 'or', 'if', 'all', 'take', 'the', 'vaccine', 'and', 'become', 'zombie']","['tsunami', 'strike', 'take', 'vaccine', 'become', 'zombie']","['tsunami', 'strike', 'vaccine', 'zombie']",tsunami strike vaccine zombie
"it had helped to pay my bills for acl reconstruction ($, ish)"," have help to pay  bill for acl reconstruction ( $ , ish )","['have', 'help', 'to', 'pay', 'bill', 'for', 'acl', 'reconstruction', 'ish']","['help', 'pay', 'bill', 'acl', 'reconstruction', 'ish']","['help', 'bill', 'reconstruction', 'ish']",help bill reconstruction ish
get hit by a car,get hit by a car,"['get', 'hit', 'by', 'a', 'car']","['get', 'hit', 'car']","['hit', 'car']",hit car
items lost while travelling. house on fire or robbed. road accident. ,item lose while travel . house on fire or rob . road accident .,"['item', 'lose', 'while', 'travel', 'house', 'on', 'fire', 'or', 'rob', 'road', 'accident']","['item', 'lose', 'travel', 'house', 'fire', 'rob', 'road', 'accident']","['item', 'travel', 'house', 'fire', 'rob', 'road', 'accident']",item travel house fire rob road accident
when you get into an accident when you're overseas,when  get into an accident when  be overseas,"['when', 'get', 'into', 'an', 'accident', 'when', 'be', 'overseas']","['get', 'accident', 'overseas']","['accident', 'overseas']",accident overseas
medicinal fees for accidental injury in work or life,medicinal fee for accidental injury in work or life,"['medicinal', 'fee', 'for', 'accidental', 'injury', 'in', 'work', 'or', 'life']","['medicinal', 'fee', 'accidental', 'injury', 'work', 'life']","['medicinal', 'accidental', 'fee', 'injury', 'work', 'life']",medicinal accidental fee injury work life
"getting robbed overseas, if my credit card gets stolen, online scam","get rob overseas , if  credit card get steal , online scam","['get', 'rob', 'overseas', 'if', 'credit', 'card', 'get', 'steal', 'online', 'scam']","['get', 'rob', 'overseas', 'credit', 'card', 'get', 'steal', 'online', 'scam']","['rob', 'overseas', 'steal', 'credit', 'card', 'online', 'scam']",rob overseas steal credit card online scam
lost my phone in thailand. the insurance company paid some money to me.,lose  phone in thailand . the insurance company pay some money to  .,"['lose', 'phone', 'in', 'thailand', 'the', 'insurance', 'company', 'pay', 'some', 'money', 'to']","['lose', 'phone', 'thailand', 'company', 'pay', 'money']","['phone', 'thailand', 'company', 'money']",phone thailand company money
sustaining injury while working,sustain injury while work,"['sustain', 'injury', 'while', 'work']","['sustain', 'injury', 'work']","['sustain', 'injury', 'work']",sustain injury work
health,health,['health'],['health'],['health'],health
disabled orcritical illness ,disabled orcritical illness,"['disabled', 'orcritical', 'illness']","['disabled', 'orcritical', 'illness']","['disabled', 'orcritical', 'illness']",disabled orcritical illness
"went to hosp after going ham on chir chir chicken, not fun","go to hosp after go ham on chir chir chicken , not fun","['go', 'to', 'hosp', 'after', 'go', 'ham', 'on', 'chir', 'chir', 'chicken', 'not', 'fun']","['go', 'hosp', 'go', 'ham', 'chir', 'chir', 'chicken', 'fun']","['ham', 'hosp', 'chir', 'chir', 'chicken', 'fun']",ham hosp chir chir chicken fun
travel insurance has helped me on a trip to japan where i missed a connecting flight. the policy allowed me to make a claim. i think having insurance wood also help me in further situations such as this.,travel insurance have help  on a trip to japan where i miss a connect flight . the policy allow  to make a claim . i think have insurance wood also help  in further situation such as this .,"['travel', 'insurance', 'have', 'help', 'on', 'a', 'trip', 'to', 'japan', 'where', 'i', 'miss', 'a', 'connect', 'flight', 'the', 'policy', 'allow', 'to', 'make', 'a', 'claim', 'i', 'think', 'have', 'insurance', 'wood', 'also', 'help', 'in', 'further', 'situation', 'such', 'as', 'this']","['travel', 'help', 'trip', 'japan', 'miss', 'connect', 'flight', 'allow', 'make', 'claim', 'think', 'wood', 'also', 'help', 'situation']","['connect', 'travel', 'help', 'trip', 'japan', 'flight', 'allow', 'claim', 'think', 'wood', 'situation']",connect travel help trip japan flight allow claim think wood situation
dropping out of uni and havinv to pay back in full one shot was painful.,drop out of uni and havinv to pay back in full one shot be painful .,"['drop', 'out', 'of', 'uni', 'and', 'havinv', 'to', 'pay', 'back', 'in', 'full', 'one', 'shot', 'be', 'painful']","['drop', 'uni', 'havinv', 'pay', 'back', 'full', 'one', 'shot', 'painful']","['uni', 'full', 'drop', 'havinv', 'pay', 'shot', 'painful']",uni full drop havinv pay shot painful
maybe suddenly having covid in this context,maybe suddenly have covid in this context,"['maybe', 'suddenly', 'have', 'covid', 'in', 'this', 'context']","['maybe', 'suddenly', 'covid', 'context']",['context'],context
surgery,surgery,['surgery'],['surgery'],['surgery'],surgery
when i fall sick ,when i fall sick,"['when', 'i', 'fall', 'sick']","['fall', 'sick']","['fall', 'sick']",fall sick
my breast surgery was covered, breast surgery be cover,"['breast', 'surgery', 'be', 'cover']","['breast', 'surgery', 'cover']","['breast', 'surgery', 'cover']",breast surgery cover
injury,injury,['injury'],['injury'],['injury'],injury
making a claim for hospitalization bill,make a claim for hospitalization bill,"['make', 'a', 'claim', 'for', 'hospitalization', 'bill']","['make', 'claim', 'hospitalization', 'bill']","['claim', 'hospitalization', 'bill']",claim hospitalization bill
critical illness ,critical illness,"['critical', 'illness']","['critical', 'illness']","['critical', 'illness']",critical illness
losing my job during a pandemic,lose  job during a pandemic,"['lose', 'job', 'during', 'a', 'pandemic']","['lose', 'job', 'pandemic']","['lose', 'job', 'pandemic']",lose job pandemic
"fractured my arm, fee for consultation was sgd, payout from insurance was sgd hehe","fracture  arm , fee for consultation be sgd , payout from insurance be sgd hehe","['fracture', 'arm', 'fee', 'for', 'consultation', 'be', 'sgd', 'payout', 'from', 'insurance', 'be', 'sgd', 'hehe']","['fracture', 'arm', 'fee', 'consultation', 'sgd', 'payout', 'sgd', 'hehe']","['fracture', 'arm', 'fee', 'consultation', 'sgd', 'payout', 'sgd', 'hehe']",fracture arm fee consultation sgd payout sgd hehe
"no. in fact, i feel that the travel insurance i bought last time was a waste of money cos my claim was unsuccessful. i feel that insurance companies come up with a lot of excuses not to cover you when you actually try to claim.","no . in fact , i feel that the travel insurance i buy last time be a waste of money cos  claim be unsuccessful . i feel that insurance company come up with a lot of excuse not to cover  when  actually try to claim .","['no', 'in', 'fact', 'i', 'feel', 'that', 'the', 'travel', 'insurance', 'i', 'buy', 'last', 'time', 'be', 'a', 'waste', 'of', 'money', 'cos', 'claim', 'be', 'unsuccessful', 'i', 'feel', 'that', 'insurance', 'company', 'come', 'up', 'with', 'a', 'lot', 'of', 'excuse', 'not', 'to', 'cover', 'when', 'actually', 'try', 'to', 'claim']","['fact', 'feel', 'travel', 'buy', 'last', 'time', 'waste', 'money', 'cos', 'claim', 'unsuccessful', 'feel', 'company', 'come', 'lot', 'excuse', 'cover', 'actually', 'try', 'claim']","['last', 'unsuccessful', 'fact', 'travel', 'time', 'waste', 'money', 'claim', 'feel', 'company', 'lot', 'cover', 'claim']",last unsuccessful fact travel time waste money claim feel company lot cover claim
get into an accident or a terminal illnes,get into an accident or a terminal illne,"['get', 'into', 'an', 'accident', 'or', 'a', 'terminal', 'illne']","['get', 'accident', 'terminal', 'illne']","['accident', 'terminal', 'illne']",accident terminal illne
when i got hospitalised suddenly.,when i get hospitalise suddenly .,"['when', 'i', 'get', 'hospitalise', 'suddenly']","['get', 'hospitalise', 'suddenly']",['hospitalise'],hospitalise
natural disaster,natural disaster,"['natural', 'disaster']","['natural', 'disaster']","['natural', 'disaster']",natural disaster
"if i get into an accident, my medical bills can be partially covered by my insurance. ","if i get into an accident ,  medical bill can be partially cover by  insurance .","['if', 'i', 'get', 'into', 'an', 'accident', 'medical', 'bill', 'can', 'be', 'partially', 'cover', 'by', 'insurance']","['get', 'accident', 'medical', 'bill', 'partially', 'cover']","['accident', 'medical', 'bill']",accident medical bill
safety net ,safety net,"['safety', 'net']","['safety', 'net']","['safety', 'net']",safety net
situation whereby hospitalisation is covered by insurance ,situation whereby hospitalisation be cover by insurance,"['situation', 'whereby', 'hospitalisation', 'be', 'cover', 'by', 'insurance']","['situation', 'whereby', 'hospitalisation', 'cover']","['situation', 'hospitalisation', 'cover']",situation hospitalisation cover
surgery ,surgery,['surgery'],['surgery'],['surgery'],surgery
break out of the pandemic may causes me losing my job. having insurance can be a source of income for  my living expenses,break out of the pandemic may cause  lose  job . have insurance can be a source of income for    living expense,"['break', 'out', 'of', 'the', 'pandemic', 'may', 'cause', 'lose', 'job', 'have', 'insurance', 'can', 'be', 'a', 'source', 'of', 'income', 'for', 'living', 'expense']","['break', 'pandemic', 'may', 'cause', 'lose', 'job', 'source', 'income', 'living', 'expense']","['pandemic', 'lose', 'job', 'source', 'income', 'living', 'expense']",pandemic lose job source income living expense
savings for tuition fees,saving for tuition fee,"['saving', 'for', 'tuition', 'fee']","['saving', 'tuition', 'fee']","['tuition', 'fee']",tuition fee
hospital bill for an accident,hospital bill for an accident,"['hospital', 'bill', 'for', 'an', 'accident']","['hospital', 'bill', 'accident']","['hospital', 'bill', 'accident']",hospital bill accident
when my belongings get stolen eg. laptop,when  belonging get steal eg . laptop,"['when', 'belonging', 'get', 'steal', 'eg', 'laptop']","['belonging', 'get', 'steal', 'eg', 'laptop']",['steal'],steal
if i had an injury,if i have an injury,"['if', 'i', 'have', 'an', 'injury']",['injury'],['injury'],injury
unforseen illeness ,unforseen illeness,"['unforseen', 'illeness']","['unforseen', 'illeness']","['unforseen', 'illeness']",unforseen illeness
permanent disability,permanent disability,"['permanent', 'disability']","['permanent', 'disability']","['permanent', 'disability']",permanent disability
"if, for example, i fall gravely ill and end up requiring hospital treatment - insurance would help cover part of the costs if the disease is covered under my plan. ","if , for example , i fall gravely ill and end up require hospital treatment - insurance would help cover part of the cost if the disease be cover under  plan .","['if', 'for', 'example', 'i', 'fall', 'gravely', 'ill', 'and', 'end', 'up', 'require', 'hospital', 'treatment', 'insurance', 'would', 'help', 'cover', 'part', 'of', 'the', 'cost', 'if', 'the', 'disease', 'be', 'cover', 'under', 'plan']","['example', 'fall', 'gravely', 'ill', 'end', 'require', 'hospital', 'treatment', 'would', 'help', 'cover', 'part', 'cost', 'disease', 'cover']","['ill', 'example', 'fall', 'end', 'hospital', 'treatment', 'part', 'cost', 'disease', 'cover']",ill example fall end hospital treatment part cost disease cover
being injured,be injure,"['be', 'injure']",['injure'],['injure'],injure
meeting with accident and needing to cover hospital bills,meet with accident and need to cover hospital bill,"['meet', 'with', 'accident', 'and', 'need', 'to', 'cover', 'hospital', 'bill']","['meet', 'accident', 'need', 'cover', 'hospital', 'bill']","['accident', 'cover', 'meet', 'hospital', 'bill']",accident cover meet hospital bill
any situation that involves calculated risk,any situation that involve calculate risk,"['any', 'situation', 'that', 'involve', 'calculate', 'risk']","['situation', 'involve', 'calculate', 'risk']","['situation', 'calculate', 'risk']",situation calculate risk
"when something unexpected/accidents happen, it would be good to have insurance to cover for the expenses related to it.  ","when something unexpected / accident happen ,  would be good to have insurance to cover for the expense relate to  .  ","['when', 'something', 'unexpected', 'accident', 'happen', 'would', 'be', 'good', 'to', 'have', 'insurance', 'to', 'cover', 'for', 'the', 'expense', 'relate', 'to']","['something', 'unexpected', 'accident', 'happen', 'would', 'good', 'cover', 'expense', 'relate']","['unexpected', 'something', 'accident', 'happen', 'cover', 'expense', 'relate']",unexpected something accident happen cover expense relate
when you are critically ill ,when  be critically ill,"['when', 'be', 'critically', 'ill']","['critically', 'ill']",[],
terminal illness,terminal illness,"['terminal', 'illness']","['terminal', 'illness']","['terminal', 'illness']",terminal illness
"rubbing shattered tempered glass by accident into my eyes, causing some slight discomfort. i was able to claim the full amount of my midnight consultation from my personal accident policy. ","rub shatter temper glass by accident into  eye , cause some slight discomfort . i be able to claim the full amount of  midnight consultation from  personal accident policy .","['rub', 'shatter', 'temper', 'glass', 'by', 'accident', 'into', 'eye', 'cause', 'some', 'slight', 'discomfort', 'i', 'be', 'able', 'to', 'claim', 'the', 'full', 'amount', 'of', 'midnight', 'consultation', 'from', 'personal', 'accident', 'policy']","['rub', 'shatter', 'temper', 'glass', 'accident', 'eye', 'cause', 'slight', 'discomfort', 'able', 'claim', 'full', 'amount', 'midnight', 'consultation', 'personal', 'accident']","['slight', 'able', 'full', 'personal', 'rub', 'shatter', 'glass', 'accident', 'eye', 'cause', 'discomfort', 'claim', 'amount', 'midnight', 'consultation', 'accident']",slight able full personal rub shatter glass accident eye cause discomfort claim amount midnight consultation accident
no accident thank god,no accident thank god,"['no', 'accident', 'thank', 'god']","['accident', 'thank', 'god']","['accident', 'thank', 'god']",accident thank god
never had such a situation,never have such a situation,"['never', 'have', 'such', 'a', 'situation']","['never', 'situation']",['situation'],situation
get into an unexpected car accident and suffers injuries. ,get into an unexpected car accident and suffer injury .,"['get', 'into', 'an', 'unexpected', 'car', 'accident', 'and', 'suffer', 'injury']","['get', 'unexpected', 'car', 'accident', 'suffer', 'injury']","['unexpected', 'car', 'accident', 'injury']",unexpected car accident injury
in the case of any hospitalization or unforeseen travel circumstances i.e. natural disasters ,in the case of any hospitalization or unforeseen travel circumstance i.e. natural disaster,"['in', 'the', 'case', 'of', 'any', 'hospitalization', 'or', 'unforeseen', 'travel', 'circumstance', 'i', 'e', 'natural', 'disaster']","['case', 'hospitalization', 'unforeseen', 'travel', 'circumstance', 'e', 'natural', 'disaster']","['unforeseen', 'e', 'natural', 'case', 'hospitalization', 'travel', 'circumstance', 'disaster']",unforeseen e natural case hospitalization travel circumstance disaster
if i got into an accident and cannot pay,if i get into an accident and can not pay,"['if', 'i', 'get', 'into', 'an', 'accident', 'and', 'can', 'not', 'pay']","['get', 'accident', 'pay']","['accident', 'pay']",accident pay
crisis,crisis,['crisis'],['crisis'],['crisis'],crisis
falling sick overseas,fall sick overseas,"['fall', 'sick', 'overseas']","['fall', 'sick', 'overseas']","['sick', 'fall', 'overseas']",sick fall overseas
an unforeseen illness e.g. cancer,an unforeseen illness e.g. cancer,"['an', 'unforeseen', 'illness', 'e', 'g', 'cancer']","['unforeseen', 'illness', 'e', 'g', 'cancer']","['unforeseen', 'illness', 'e', 'g', 'cancer']",unforeseen illness e g cancer
permanent disability affecting my life the insurance pay out would help assist me,permanent disability affect  life the insurance pay out would help assist ,"['permanent', 'disability', 'affect', 'life', 'the', 'insurance', 'pay', 'out', 'would', 'help', 'assist']","['permanent', 'disability', 'affect', 'life', 'pay', 'would', 'help', 'assist']","['permanent', 'disability', 'life', 'pay']",permanent disability life pay
when i'm in need of money to pay off something i didn't prepare for,when  be in need of money to pay off something i do not prepare for,"['when', 'be', 'in', 'need', 'of', 'money', 'to', 'pay', 'off', 'something', 'i', 'do', 'not', 'prepare', 'for']","['need', 'money', 'pay', 'something', 'prepare']","['money', 'something', 'prepare']",money something prepare
"freak accidents overseas, fire damage to property, accidents leading to permanent impediment or disability","freak accident overseas , fire damage to property , accident lead to permanent impediment or disability","['freak', 'accident', 'overseas', 'fire', 'damage', 'to', 'property', 'accident', 'lead', 'to', 'permanent', 'impediment', 'or', 'disability']","['freak', 'accident', 'overseas', 'fire', 'damage', 'property', 'accident', 'lead', 'permanent', 'impediment', 'disability']","['freak', 'fire', 'accident', 'lead', 'permanent', 'accident', 'damage', 'property', 'impediment', 'disability']",freak fire accident lead permanent accident damage property impediment disability
hospitalization plan would help for in case of emergencies or accidents ,hospitalization plan would help for in case of emergency or accident,"['hospitalization', 'plan', 'would', 'help', 'for', 'in', 'case', 'of', 'emergency', 'or', 'accident']","['hospitalization', 'would', 'help', 'case', 'emergency', 'accident']","['hospitalization', 'case', 'emergency', 'accident']",hospitalization case emergency accident
"if i ever get into an accident and have to stay in hospital, having insurance can help with the hospital bill.","if i ever get into an accident and have to stay in hospital , have insurance can help with the hospital bill .","['if', 'i', 'ever', 'get', 'into', 'an', 'accident', 'and', 'have', 'to', 'stay', 'in', 'hospital', 'have', 'insurance', 'can', 'help', 'with', 'the', 'hospital', 'bill']","['ever', 'get', 'accident', 'stay', 'hospital', 'help', 'hospital', 'bill']","['accident', 'stay', 'hospital', 'help', 'hospital', 'bill']",accident stay hospital help hospital bill
"with medical bills are soaring, having an insurance would at least help to cover some portion of the amount. ","with medical bill be soar , have an insurance would at least help to cover some portion of the amount .","['with', 'medical', 'bill', 'be', 'soar', 'have', 'an', 'insurance', 'would', 'at', 'least', 'help', 'to', 'cover', 'some', 'portion', 'of', 'the', 'amount']","['medical', 'bill', 'soar', 'would', 'least', 'help', 'cover', 'portion', 'amount']","['medical', 'bill', 'portion', 'amount']",medical bill portion amount
if i got into an accident and become physically disabled to take care of myself then having critical illness insurance would be helpful to cover my health expenses,if i get into an accident and become physically disabled to take care of  then have critical illness insurance would be helpful to cover  health expense,"['if', 'i', 'get', 'into', 'an', 'accident', 'and', 'become', 'physically', 'disabled', 'to', 'take', 'care', 'of', 'then', 'have', 'critical', 'illness', 'insurance', 'would', 'be', 'helpful', 'to', 'cover', 'health', 'expense']","['get', 'accident', 'become', 'physically', 'disabled', 'take', 'care', 'critical', 'illness', 'would', 'helpful', 'cover', 'health', 'expense']","['accident', 'disabled', 'critical', 'cover', 'take', 'care', 'illness', 'health', 'expense']",accident disabled critical cover take care illness health expense
for example when i got caught in some traffic accident and injured the accident plan could cover a portion of my medical fee,for example when i get catch in some traffic accident and injure the accident plan could cover a portion of  medical fee,"['for', 'example', 'when', 'i', 'get', 'catch', 'in', 'some', 'traffic', 'accident', 'and', 'injure', 'the', 'accident', 'plan', 'could', 'cover', 'a', 'portion', 'of', 'medical', 'fee']","['example', 'get', 'catch', 'traffic', 'accident', 'injure', 'accident', 'could', 'cover', 'portion', 'medical', 'fee']","['medical', 'example', 'catch', 'traffic', 'accident', 'injure', 'accident', 'portion', 'fee']",medical example catch traffic accident injure accident portion fee
when i am not working for a period due to circumstances  and can get monthly payout from insurance xd,when i be not work for a period due to circumstance   and can get monthly payout from insurance xd,"['when', 'i', 'be', 'not', 'work', 'for', 'a', 'period', 'due', 'to', 'circumstance', 'and', 'can', 'get', 'monthly', 'payout', 'from', 'insurance', 'xd']","['work', 'period', 'due', 'circumstance', 'get', 'monthly', 'payout', 'xd']","['due', 'monthly', 'work', 'period', 'circumstance', 'payout', 'xd']",due monthly work period circumstance payout xd
when i am not working for a period due to circumstances  and can get monthly payout from insurance xd,when i be not work for a period due to circumstance   and can get monthly payout from insurance xd,"['when', 'i', 'be', 'not', 'work', 'for', 'a', 'period', 'due', 'to', 'circumstance', 'and', 'can', 'get', 'monthly', 'payout', 'from', 'insurance', 'xd']","['work', 'period', 'due', 'circumstance', 'get', 'monthly', 'payout', 'xd']","['due', 'monthly', 'work', 'period', 'circumstance', 'payout', 'xd']",due monthly work period circumstance payout xd
when i die someone get money,when i die someone get money,"['when', 'i', 'die', 'someone', 'get', 'money']","['die', 'someone', 'get', 'money']","['die', 'someone', 'money']",die someone money
when you are hospitalised or in need of surgery (duh?),when  be hospitalise or in need of surgery ( duh ? ),"['when', 'be', 'hospitalise', 'or', 'in', 'need', 'of', 'surgery', 'duh']","['hospitalise', 'need', 'surgery', 'duh']","['hospitalise', 'need', 'surgery', 'duh']",hospitalise need surgery duh
having loss a job due to illness. loss of income,have loss a job due to illness . loss of income,"['have', 'loss', 'a', 'job', 'due', 'to', 'illness', 'loss', 'of', 'income']","['loss', 'job', 'due', 'illness', 'loss', 'income']","['due', 'illness', 'loss', 'job', 'loss', 'income']",due illness loss job loss income
"having to undergo a minor operation. although i did have a health insurance, the coverage was not enough as i had to be hospitalised overnight, which adds to the cost ","have to undergo a minor operation . although i do have a health insurance , the coverage be not enough as i have to be hospitalise overnight , which add to the cost","['have', 'to', 'undergo', 'a', 'minor', 'operation', 'although', 'i', 'do', 'have', 'a', 'health', 'insurance', 'the', 'coverage', 'be', 'not', 'enough', 'as', 'i', 'have', 'to', 'be', 'hospitalise', 'overnight', 'which', 'add', 'to', 'the', 'cost']","['undergo', 'minor', 'operation', 'although', 'health', 'coverage', 'enough', 'hospitalise', 'overnight', 'add', 'cost']","['undergo', 'minor', 'enough', 'operation', 'health', 'coverage', 'hospitalise', 'cost']",undergo minor enough operation health coverage hospitalise cost
unexpected hospitalisation/surgery ,unexpected hospitalisation / surgery,"['unexpected', 'hospitalisation', 'surgery']","['unexpected', 'hospitalisation', 'surgery']","['unexpected', 'hospitalisation', 'surgery']",unexpected hospitalisation surgery
when visiting the doctor,when visit the doctor,"['when', 'visit', 'the', 'doctor']","['visit', 'doctor']","['visit', 'doctor']",visit doctor
cancelled trip due to covid,cancel trip due to covid,"['cancel', 'trip', 'due', 'to', 'covid']","['cancel', 'trip', 'due', 'covid']","['due', 'cancel', 'trip', 'covid']",due cancel trip covid
during an accident ,during an accident,"['during', 'an', 'accident']",['accident'],['accident'],accident
money coverage ,money coverage,"['money', 'coverage']","['money', 'coverage']","['money', 'coverage']",money coverage
"after a girl cheat on me, i’ll get a lump sum of money to eat hai di lao and cry ","after a girl cheat on  ,  will get a lump sum of money to eat hai di lao and cry","['after', 'a', 'girl', 'cheat', 'on', 'will', 'get', 'a', 'lump', 'sum', 'of', 'money', 'to', 'eat', 'hai', 'di', 'lao', 'and', 'cry']","['girl', 'cheat', 'get', 'lump', 'sum', 'money', 'eat', 'hai', 'di', 'lao', 'cry']","['lump', 'girl', 'cheat', 'sum', 'money', 'eat', 'hai', 'di', 'lao', 'cry']",lump girl cheat sum money eat hai di lao cry
covering costs of health treatments.,cover cost of health treatment .,"['cover', 'cost', 'of', 'health', 'treatment']","['cover', 'cost', 'health', 'treatment']","['cover', 'cost', 'health', 'treatment']",cover cost health treatment
"accident, hospitalize ","accident , hospitalize","['accident', 'hospitalize']","['accident', 'hospitalize']","['accident', 'hospitalize']",accident hospitalize
when unforeseen things happen,when unforeseen thing happen,"['when', 'unforeseen', 'thing', 'happen']","['unforeseen', 'thing', 'happen']","['unforeseen', 'thing']",unforeseen thing
i tore my acl and my insurance paid for the surgery,i tear  acl and  insurance pay for the surgery,"['i', 'tear', 'acl', 'and', 'insurance', 'pay', 'for', 'the', 'surgery']","['tear', 'acl', 'pay', 'surgery']","['tear', 'acl', 'pay', 'surgery']",tear acl pay surgery
none so far,none so far,"['none', 'so', 'far']","['none', 'far']",['none'],none
health insurance to cover medical bills,health insurance to cover medical bill,"['health', 'insurance', 'to', 'cover', 'medical', 'bill']","['health', 'cover', 'medical', 'bill']","['medical', 'health', 'cover', 'bill']",medical health cover bill
when visiting the doctor,when visit the doctor,"['when', 'visit', 'the', 'doctor']","['visit', 'doctor']","['visit', 'doctor']",visit doctor
going to a hospital with fees waived off,go to a hospital with fee waive off,"['go', 'to', 'a', 'hospital', 'with', 'fee', 'waive', 'off']","['go', 'hospital', 'fee', 'waive']","['hospital', 'fee', 'waive']",hospital fee waive
claiming lost and damaged items while travelling ,claim lose and damage item while travel,"['claim', 'lose', 'and', 'damage', 'item', 'while', 'travel']","['claim', 'lose', 'damage', 'item', 'travel']","['lose', 'claim', 'damage', 'item', 'travel']",lose claim damage item travel
"i was previously down with appendicitis and had to stay in the hospital for surgery. thanks to the health insurance that my parents bought for me, i was able to stay in a single bed ward and was able to request for a consultant (doctor) to perform the surgery. the overall expenses incurred were all claimable from the insurance package that my parents bought. if not for the insurance, i would not have a comfortable stay at the hospital and my parents have to worry about the financial costs of the surgery. ","i be previously down with appendicitis and have to stay in the hospital for surgery . thank to the health insurance that  parent buy for  , i be able to stay in a single bed ward and be able to request for a consultant ( doctor ) to perform the surgery . the overall expense incur be all claimable from the insurance package that  parent buy . if not for the insurance , i would not have a comfortable stay at the hospital and  parent have to worry about the financial cost of the surgery .","['i', 'be', 'previously', 'down', 'with', 'appendicitis', 'and', 'have', 'to', 'stay', 'in', 'the', 'hospital', 'for', 'surgery', 'thank', 'to', 'the', 'health', 'insurance', 'that', 'parent', 'buy', 'for', 'i', 'be', 'able', 'to', 'stay', 'in', 'a', 'single', 'bed', 'ward', 'and', 'be', 'able', 'to', 'request', 'for', 'a', 'consultant', 'doctor', 'to', 'perform', 'the', 'surgery', 'the', 'overall', 'expense', 'incur', 'be', 'all', 'claimable', 'from', 'the', 'insurance', 'package', 'that', 'parent', 'buy', 'if', 'not', 'for', 'the', 'insurance', 'i', 'would', 'not', 'have', 'a', 'comfortable', 'stay', 'at', 'the', 'hospital', 'and', 'parent', 'have', 'to', 'worry', 'about', 'the', 'financial', 'cost', 'of', 'the', 'surgery']","['previously', 'appendicitis', 'stay', 'hospital', 'surgery', 'thank', 'health', 'parent', 'buy', 'able', 'stay', 'single', 'bed', 'ward', 'able', 'request', 'consultant', 'doctor', 'perform', 'surgery', 'overall', 'expense', 'incur', 'claimable', 'package', 'parent', 'buy', 'would', 'comfortable', 'stay', 'hospital', 'parent', 'worry', 'financial', 'cost', 'surgery']","['stay', 'able', 'single', 'able', 'overall', 'claimable', 'stay', 'hospital', 'financial', 'hospital', 'surgery', 'thank', 'health', 'parent', 'buy', 'stay', 'bed', 'ward', 'request', 'consultant', 'doctor', 'perform', 'surgery', 'expense', 'incur', 'package', 'parent', 'buy', 'parent', 'cost', 'surgery']",stay able single able overall claimable stay hospital financial hospital surgery thank health parent buy stay bed ward request consultant doctor perform surgery expense incur package parent buy parent cost surgery
accident ,accident,['accident'],['accident'],['accident'],accident
travel insurance ,travel insurance,"['travel', 'insurance']",['travel'],['travel'],travel
hitting someone or their cars on the road,hit someone or  car on the road,"['hit', 'someone', 'or', 'car', 'on', 'the', 'road']","['hit', 'someone', 'car', 'road']","['someone', 'car', 'road']",someone car road
"it was  years ago when my family went to australia for holiday. we rented a vehicle for us to move between places. i remember the incident occurs in the evening time where the visibility was not as good as compared to the daytime. while we were driving to our destination, our vehicle knocks onto a kangaroo which resulted in some dent and cracks at the front of the vehicle. luckily we bought insurance beforehand and this benefited us as we do not have to fork out thousands of dollars. "," be   year ago when  family go to australia for holiday .  rent a vehicle for  to move between place . i remember the incident occur in the evening time where the visibility be not as good as compare to the daytime . while  be drive to  destination ,  vehicle knock onto a kangaroo which result in some dent and crack at the front of the vehicle . luckily  buy insurance beforehand and this benefit  as  do not have to fork out thousand of dollar .","['be', 'year', 'ago', 'when', 'family', 'go', 'to', 'australia', 'for', 'holiday', 'rent', 'a', 'vehicle', 'for', 'to', 'move', 'between', 'place', 'i', 'remember', 'the', 'incident', 'occur', 'in', 'the', 'evening', 'time', 'where', 'the', 'visibility', 'be', 'not', 'as', 'good', 'as', 'compare', 'to', 'the', 'daytime', 'while', 'be', 'drive', 'to', 'destination', 'vehicle', 'knock', 'onto', 'a', 'kangaroo', 'which', 'result', 'in', 'some', 'dent', 'and', 'crack', 'at', 'the', 'front', 'of', 'the', 'vehicle', 'luckily', 'buy', 'insurance', 'beforehand', 'and', 'this', 'benefit', 'as', 'do', 'not', 'have', 'to', 'fork', 'out', 'thousand', 'of', 'dollar']","['ago', 'family', 'go', 'australia', 'holiday', 'rent', 'vehicle', 'move', 'place', 'remember', 'incident', 'occur', 'evening', 'time', 'visibility', 'good', 'compare', 'daytime', 'drive', 'destination', 'vehicle', 'knock', 'onto', 'kangaroo', 'result', 'dent', 'crack', 'front', 'vehicle', 'luckily', 'buy', 'beforehand', 'benefit', 'fork', 'thousand', 'dollar']","['holiday', 'incident', 'good', 'daytime', 'drive', 'kangaroo', 'family', 'rent', 'vehicle', 'move', 'place', 'time', 'visibility', 'compare', 'destination', 'vehicle', 'knock', 'result', 'dent', 'crack', 'front', 'vehicle', 'beforehand', 'benefit', 'fork', 'dollar']",holiday incident good daytime drive kangaroo family rent vehicle move place time visibility compare destination vehicle knock result dent crack front vehicle beforehand benefit fork dollar
so far i haven't claim anything from my insurance company yet but i guess knowing that i'm insured for whatever that may happen to me in the future had helped me to pursue my interest and hobbies. ,so far i have not claim anything from  insurance company yet but i guess know that  be insure for whatever that may happen to  in the future have help  to pursue  interest and hobby .,"['so', 'far', 'i', 'have', 'not', 'claim', 'anything', 'from', 'insurance', 'company', 'yet', 'but', 'i', 'guess', 'know', 'that', 'be', 'insure', 'for', 'whatever', 'that', 'may', 'happen', 'to', 'in', 'the', 'future', 'have', 'help', 'to', 'pursue', 'interest', 'and', 'hobby']","['far', 'claim', 'anything', 'company', 'yet', 'guess', 'know', 'insure', 'whatever', 'may', 'happen', 'future', 'help', 'pursue', 'interest', 'hobby']","['know', 'claim', 'anything', 'company', 'guess', 'insure', 'future', 'help', 'interest', 'hobby']",know claim anything company guess insure future help interest hobby
"since young, my parent bought for me a saving plan which they have to give a monthly payment for around or  years but i cannot remember the exact years. at the end of the saving plan, i am able to received a lump sum of money. this lump sum of money will be used to pay off my university loan when i graduate.","since young ,  parent buy for  a saving plan which  have to give a monthly payment for around or   year but i can not remember the exact year . at the end of the saving plan , i be able to receive a lump sum of money . this lump sum of money will be use to pay off  university loan when i graduate .","['since', 'young', 'parent', 'buy', 'for', 'a', 'saving', 'plan', 'which', 'have', 'to', 'give', 'a', 'monthly', 'payment', 'for', 'around', 'or', 'year', 'but', 'i', 'can', 'not', 'remember', 'the', 'exact', 'year', 'at', 'the', 'end', 'of', 'the', 'saving', 'plan', 'i', 'be', 'able', 'to', 'receive', 'a', 'lump', 'sum', 'of', 'money', 'this', 'lump', 'sum', 'of', 'money', 'will', 'be', 'use', 'to', 'pay', 'off', 'university', 'loan', 'when', 'i', 'graduate']","['since', 'young', 'parent', 'buy', 'saving', 'give', 'monthly', 'payment', 'around', 'remember', 'exact', 'end', 'saving', 'able', 'receive', 'lump', 'sum', 'money', 'lump', 'sum', 'money', 'use', 'pay', 'university', 'loan', 'graduate']","['young', 'give', 'monthly', 'exact', 'able', 'receive', 'parent', 'payment', 'remember', 'end', 'lump', 'sum', 'money', 'lump', 'sum', 'money', 'use', 'pay', 'university', 'loan', 'graduate']",young give monthly exact able receive parent payment remember end lump sum money lump sum money use pay university loan graduate
a situation where it is not expected such as natural disaster or pandemic outbreak. ,a situation where  be not expect such as natural disaster or pandemic outbreak .,"['a', 'situation', 'where', 'be', 'not', 'expect', 'such', 'as', 'natural', 'disaster', 'or', 'pandemic', 'outbreak']","['situation', 'expect', 'natural', 'disaster', 'pandemic', 'outbreak']","['natural', 'pandemic', 'situation', 'disaster', 'outbreak']",natural pandemic situation disaster outbreak
buying a savings plan in the early  really help me in my financial. the sum i will be getting will help me to reduce my children monthly expense such as tuition fee in the future.,buy a saving plan in the early   really help  in  financial . the sum i will be get will help  to reduce  child monthly expense such as tuition fee in the future .,"['buy', 'a', 'saving', 'plan', 'in', 'the', 'early', 'really', 'help', 'in', 'financial', 'the', 'sum', 'i', 'will', 'be', 'get', 'will', 'help', 'to', 'reduce', 'child', 'monthly', 'expense', 'such', 'as', 'tuition', 'fee', 'in', 'the', 'future']","['buy', 'saving', 'early', 'really', 'help', 'financial', 'sum', 'get', 'help', 'reduce', 'child', 'monthly', 'expense', 'tuition', 'fee', 'future']","['early', 'financial', 'monthly', 'sum', 'help', 'expense', 'tuition', 'fee', 'future']",early financial monthly sum help expense tuition fee future
sudden flight cancellation due to pandemic,sudden flight cancellation due to pandemic,"['sudden', 'flight', 'cancellation', 'due', 'to', 'pandemic']","['sudden', 'flight', 'cancellation', 'due', 'pandemic']","['sudden', 'due', 'flight', 'cancellation', 'pandemic']",sudden due flight cancellation pandemic
"if i suddenly get diagnosed with cancer, can help me for my surgery fees","if i suddenly get diagnose with cancer , can help  for  surgery fee","['if', 'i', 'suddenly', 'get', 'diagnose', 'with', 'cancer', 'can', 'help', 'for', 'surgery', 'fee']","['suddenly', 'get', 'diagnose', 'cancer', 'help', 'surgery', 'fee']","['diagnose', 'cancer', 'help', 'surgery', 'fee']",diagnose cancer help surgery fee
maybe when i go online shopping but my goods do not arrive ,maybe when i go online shopping but  good do not arrive,"['maybe', 'when', 'i', 'go', 'online', 'shopping', 'but', 'good', 'do', 'not', 'arrive']","['maybe', 'go', 'online', 'shopping', 'good', 'arrive']","['online', 'good', 'shopping', 'arrive']",online good shopping arrive
"when a pandemic like covid- strikes again, it would be really useful if i were to lose my job","when a pandemic like covid- strike again ,  would be really useful if i be to lose  job","['when', 'a', 'pandemic', 'like', 'covid', 'strike', 'again', 'would', 'be', 'really', 'useful', 'if', 'i', 'be', 'to', 'lose', 'job']","['pandemic', 'like', 'covid', 'strike', 'would', 'really', 'useful', 'lose', 'job']","['useful', 'lose', 'pandemic', 'covid', 'strike', 'job']",useful lose pandemic covid strike job
fraud for bank transactions,fraud for bank transaction,"['fraud', 'for', 'bank', 'transaction']","['fraud', 'bank', 'transaction']","['fraud', 'bank', 'transaction']",fraud bank transaction
it would be useful if my bank account were to get hacked, would be useful if  bank account be to get hack,"['would', 'be', 'useful', 'if', 'bank', 'account', 'be', 'to', 'get', 'hack']","['would', 'useful', 'bank', 'account', 'get', 'hack']","['useful', 'bank', 'account', 'hack']",useful bank account hack
covid situation that is happening now,covid situation that be happen now,"['covid', 'situation', 'that', 'be', 'happen', 'now']","['covid', 'situation', 'happen']","['covid', 'situation']",covid situation
accidents,accident,['accident'],['accident'],['accident'],accident
pickpocket,pickpocket,['pickpocket'],['pickpocket'],['pickpocket'],pickpocket
if i lose an asset that is expensive eg. gold,if i lose an asset that be expensive eg . gold,"['if', 'i', 'lose', 'an', 'asset', 'that', 'be', 'expensive', 'eg', 'gold']","['lose', 'asset', 'expensive', 'eg', 'gold']","['lose', 'expensive', 'asset', 'gold']",lose expensive asset gold
covid,covid,['covid'],['covid'],['covid'],covid
definitely a pandemic. many people lose their jobs in this difficult time,definitely a pandemic . many people lose  job in this difficult time,"['definitely', 'a', 'pandemic', 'many', 'people', 'lose', 'job', 'in', 'this', 'difficult', 'time']","['definitely', 'pandemic', 'many', 'people', 'lose', 'job', 'difficult', 'time']","['pandemic', 'many', 'difficult', 'people', 'job', 'time']",pandemic many difficult people job time
"in this cyberworld, frauds might be a problem.","in this cyberworld , fraud may be a problem .","['in', 'this', 'cyberworld', 'fraud', 'may', 'be', 'a', 'problem']","['cyberworld', 'fraud', 'may', 'problem']","['cyberworld', 'fraud', 'problem']",cyberworld fraud problem
"when covid subsides and the borders are open, it might be useful","when covid subside and the border be open ,  may be useful","['when', 'covid', 'subside', 'and', 'the', 'border', 'be', 'open', 'may', 'be', 'useful']","['covid', 'subside', 'border', 'open', 'may', 'useful']","['covid', 'open', 'subside', 'border']",covid open subside border
covid,covid,['covid'],['covid'],['covid'],covid
being scammed,be scamme,"['be', 'scamme']",['scamme'],['scamme'],scamme
covid- ,covid-,['covid'],['covid'],['covid'],covid
investment ,investment,['investment'],['investment'],['investment'],investment
losing my card,lose  card,"['lose', 'card']","['lose', 'card']",['card'],card
"if my wifi gets disrupted, i can claim the money used for g","if  wifi get disrupt , i can claim the money use for g","['if', 'wifi', 'get', 'disrupt', 'i', 'can', 'claim', 'the', 'money', 'use', 'for', 'g']","['wifi', 'get', 'disrupt', 'claim', 'money', 'use', 'g']","['disrupt', 'wifi', 'claim', 'money', 'use', 'g']",disrupt wifi claim money use g
"when i go travelling, then all my plans are disrupted because of pandemic","when i go travel , then all  plan be disrupt because of pandemic","['when', 'i', 'go', 'travel', 'then', 'all', 'plan', 'be', 'disrupt', 'because', 'of', 'pandemic']","['go', 'travel', 'disrupt', 'pandemic']","['pandemic', 'travel']",pandemic travel
"if i have bought all my overseas tickets including flights, then everything gets cancelled because of pandemic or natural disasters.","if i have buy all  overseas ticket include flight , then everything get cancel because of pandemic or natural disaster .","['if', 'i', 'have', 'buy', 'all', 'overseas', 'ticket', 'include', 'flight', 'then', 'everything', 'get', 'cancel', 'because', 'of', 'pandemic', 'or', 'natural', 'disaster']","['buy', 'overseas', 'ticket', 'include', 'flight', 'everything', 'get', 'cancel', 'pandemic', 'natural', 'disaster']","['overseas', 'cancel', 'pandemic', 'natural', 'ticket', 'flight', 'everything', 'disaster']",overseas cancel pandemic natural ticket flight everything disaster
e-commerce shopping fraud,e - commerce shopping fraud,"['e', 'commerce', 'shopping', 'fraud']","['e', 'commerce', 'shopping', 'fraud']","['e', 'commerce', 'shopping', 'fraud']",e commerce shopping fraud
if i lose my job because of pandemic,if i lose  job because of pandemic,"['if', 'i', 'lose', 'job', 'because', 'of', 'pandemic']","['lose', 'job', 'pandemic']","['lose', 'job', 'pandemic']",lose job pandemic
"when travelling overseas, if trips got cancelled due to unforeseen events, can claim from insurance","when travel overseas , if trip get cancel due to unforeseen event , can claim from insurance","['when', 'travel', 'overseas', 'if', 'trip', 'get', 'cancel', 'due', 'to', 'unforeseen', 'event', 'can', 'claim', 'from', 'insurance']","['travel', 'overseas', 'trip', 'get', 'cancel', 'due', 'unforeseen', 'event', 'claim']","['due', 'unforeseen', 'travel', 'trip', 'cancel', 'event', 'claim']",due unforeseen travel trip cancel event claim
can claim medical fees when seeing doctor,can claim medical fee when see doctor,"['can', 'claim', 'medical', 'fee', 'when', 'see', 'doctor']","['claim', 'medical', 'fee', 'see', 'doctor']","['medical', 'claim', 'fee', 'see', 'doctor']",medical claim fee see doctor
fraudulent bank transactionstelco outages,fraudulent bank transactionstelco outage,"['fraudulent', 'bank', 'transactionstelco', 'outage']","['fraudulent', 'bank', 'transactionstelco', 'outage']","['fraudulent', 'bank', 'transactionstelco', 'outage']",fraudulent bank transactionstelco outage
when a pandemic like covid strikes again,when a pandemic like covid strike again,"['when', 'a', 'pandemic', 'like', 'covid', 'strike', 'again']","['pandemic', 'like', 'covid', 'strike']","['pandemic', 'covid', 'strike']",pandemic covid strike
public transport breakdowns,public transport breakdown,"['public', 'transport', 'breakdown']","['public', 'transport', 'breakdown']","['public', 'transport', 'breakdown']",public transport breakdown
mrt break down ,mrt break down,"['mrt', 'break', 'down']","['mrt', 'break']","['mrt', 'break']",mrt break
in times of a pandemic,in time of a pandemic,"['in', 'time', 'of', 'a', 'pandemic']","['time', 'pandemic']","['pandemic', 'time']",pandemic time
"lost my passport and wallet overseas, travel insurance would have helped loads","lose  passport and wallet overseas , travel insurance would have help load","['lose', 'passport', 'and', 'wallet', 'overseas', 'travel', 'insurance', 'would', 'have', 'help', 'load']","['lose', 'passport', 'wallet', 'overseas', 'travel', 'would', 'help', 'load']","['lose', 'overseas', 'passport', 'wallet', 'travel']",lose overseas passport wallet travel
i fell and broke my arm and medical insurance would have helped lots,i fall and break  arm and medical insurance would have help lot,"['i', 'fall', 'and', 'break', 'arm', 'and', 'medical', 'insurance', 'would', 'have', 'help', 'lot']","['fall', 'break', 'arm', 'medical', 'would', 'help', 'lot']","['medical', 'fall', 'break', 'arm', 'lot']",medical fall break arm lot
innvestment insurance,innvestment insurance,"['innvestment', 'insurance']",['innvestment'],['innvestment'],innvestment
data breach insurance,datum breach insurance,"['datum', 'breach', 'insurance']","['datum', 'breach']","['datum', 'breach']",datum breach
public transport insurance,public transport insurance,"['public', 'transport', 'insurance']","['public', 'transport']","['public', 'transport']",public transport
bite sized insurance,bite sized insurance,"['bite', 'sized', 'insurance']","['bite', 'sized']",[],
insurance to cover fraud,insurance to cover fraud,"['insurance', 'to', 'cover', 'fraud']","['cover', 'fraud']","['cover', 'fraud']",cover fraud
"got into a car accident recently, and luckily i was covered by my insurance","get into a car accident recently , and luckily i be cover by  insurance","['get', 'into', 'a', 'car', 'accident', 'recently', 'and', 'luckily', 'i', 'be', 'cover', 'by', 'insurance']","['get', 'car', 'accident', 'recently', 'luckily', 'cover']","['car', 'accident']",car accident
caught in a big accident that cripples me,catch in a big accident that cripple ,"['catch', 'in', 'a', 'big', 'accident', 'that', 'cripple']","['catch', 'big', 'accident', 'cripple']","['big', 'catch', 'accident', 'cripple']",big catch accident cripple
"if an accident crippled me, insurance would help me pay my bills","if an accident cripple  , insurance would help  pay  bill","['if', 'an', 'accident', 'cripple', 'insurance', 'would', 'help', 'pay', 'bill']","['accident', 'cripple', 'would', 'help', 'pay', 'bill']","['accident', 'cripple', 'bill']",accident cripple bill
"i lost my gucci wallet while overseas along with my hermes handbag, without travel insurance, my parents would have killed me","i lose  gucci wallet while overseas along with  hermes handbag , without travel insurance ,  parent would have kill ","['i', 'lose', 'gucci', 'wallet', 'while', 'overseas', 'along', 'with', 'hermes', 'handbag', 'without', 'travel', 'insurance', 'parent', 'would', 'have', 'kill']","['lose', 'gucci', 'wallet', 'overseas', 'along', 'hermes', 'handbag', 'without', 'travel', 'parent', 'would', 'kill']","['lose', 'travel', 'gucci', 'parent']",lose travel gucci parent
getting into a car accident would help cover my costs,get into a car accident would help cover  cost,"['get', 'into', 'a', 'car', 'accident', 'would', 'help', 'cover', 'cost']","['get', 'car', 'accident', 'would', 'help', 'cover', 'cost']","['car', 'accident', 'cost']",car accident cost
"pandemic like covid-, can cover for my hospitalization and swab test fees","pandemic like covid- , can cover for  hospitalization and swab test fee","['pandemic', 'like', 'covid', 'can', 'cover', 'for', 'hospitalization', 'and', 'swab', 'test', 'fee']","['pandemic', 'like', 'covid', 'cover', 'hospitalization', 'swab', 'test', 'fee']","['swab', 'pandemic', 'covid', 'cover', 'hospitalization', 'test', 'fee']",swab pandemic covid cover hospitalization test fee
